,id,idx,value
0,test,"1,0,3,14,4,38,9,28,13,31,105,16,294,192,2338,6,331,10,5,77","0.97853684,0.963701,0.6344805,0.50693023,0.32315287,0.2642574,0.11732485,0.116013125,0.09780252,0.08107906,0.074536584,0.06380086,0.058134805,0.042250723,0.03260438,0.031868745,0.025750048,0.024459006,0.021409512,0.020379867"
